source_url,source_referrer_url,source_name,source_hash_sha1,source_image_hash_whash,path_rel,skipped,processed_at
https://upload.wikimedia.org/wikipedia/commons/thumb/9/9c/Chess_board_with_chess_set_in_opening_position_2012_PD_03.jpg/2560px-Chess_board_with_chess_set_in_opening_position_2012_PD_03.jpg,https://commons.wikimedia.org/wiki/File:Chess_board_with_chess_set_in_opening_position_2012_PD_03.jpg,2560px-Chess_board_with_chess_set_in_opening_position_2012_PD_03.jpg,ab90ed80d81c58f35d56af9e8cb0386cfd105724,ff81c5ffff410000,images\ab\ab90ed80d81c58f35d56af9e8cb0386cfd105724.jpeg,0,2023-02-14 14:44:23.997354
https://upload.wikimedia.org/wikipedia/commons/thumb/c/c3/Chess_board_opening_staunton.jpg/1280px-Chess_board_opening_staunton.jpg,https://commons.wikimedia.org/wiki/File:Chess_board_opening_staunton.jpg,1280px-Chess_board_opening_staunton.jpg,fd9e37f06d3f5a4fdf9997f407a4f14387ef97da,f781c1f0f0ecb0f0,images\fd\fd9e37f06d3f5a4fdf9997f407a4f14387ef97da.jpeg,0,2023-02-14 14:44:24.837484
https://upload.wikimedia.org/wikipedia/commons/4/41/Chess_board_with_chess_set_in_opening_position_2012_PD_04.jpg,https://commons.wikimedia.org/wiki/File:Chess_board_with_chess_set_in_opening_position_2012_PD_04.jpg,Chess_board_with_chess_set_in_opening_position_2012_PD_04.jpg,fd2e0f6a4478f15d6f7beae23fc7e1a1dfc0cc41,ffc1c1808000ffff,images\fd\fd2e0f6a4478f15d6f7beae23fc7e1a1dfc0cc41.jpeg,0,2023-02-14 14:44:27.173060
https://upload.wikimedia.org/wikipedia/commons/2/27/Chess_board_with_coins.JPG,https://commons.wikimedia.org/wiki/File:Chess_board_with_coins.JPG,Chess_board_with_coins.JPG,209f3ed85cb5368d283a0eec6b9954e3a956f93a,481f3f3f0f070707,images\20\209f3ed85cb5368d283a0eec6b9954e3a956f93a.jpeg,0,2023-02-14 14:44:28.501217
https://freesvg.org/img/1385208704.png,https://freesvg.org/wooden-chessboard,1385208704.png,384f94ebc9a857556fc012cf08b866353d7b71f5,68fefe7cf8706000,images\38\384f94ebc9a857556fc012cf08b866353d7b71f5.jpeg,0,2023-02-14 14:44:30.299117
https://upload.wikimedia.org/wikipedia/commons/b/b5/Starting_position_in_a_chess_game.jpg,https://commons.wikimedia.org/wiki/File:Starting_position_in_a_chess_game.jpg,Starting_position_in_a_chess_game.jpg,9f01494cdb426d239a97e8eb67f303679ab90e7c,0000aa57ea57fe5f,images\9f\9f01494cdb426d239a97e8eb67f303679ab90e7c.jpeg,0,2023-02-14 14:44:33.018816
https://c1.wallpaperflare.com/preview/480/941/294/chess-chess-board-chess-pieces-checkmated.jpg,https://www.wallpaperflare.com/chess-chess-board-chess-pieces-checkmated-chess-game-black-wallpaper-zvkxp,chess-chess-board-chess-pieces-checkmated.jpg,19cf5aaa85e7af0ead61fecd245b7a63ac01d6ad,a701af57ab55091d,images\19\19cf5aaa85e7af0ead61fecd245b7a63ac01d6ad.jpeg,0,2023-02-14 14:44:33.978810
https://upload.wikimedia.org/wikipedia/commons/0/01/Chess_board%2C_Stockholm.jpg,"https://commons.wikimedia.org/wiki/File:Chess_board,_Stockholm.jpg",Chess_board%2C_Stockholm.jpg,08a6ef262c40e6376289901ef44714f649e57c5c,77ff030081c3e71e,images\08\08a6ef262c40e6376289901ef44714f649e57c5c.jpeg,0,2023-02-14 14:44:40.810465
https://upload.wikimedia.org/wikipedia/commons/c/ce/A_giant_chess_board.jpg,https://commons.wikimedia.org/wiki/File:A_giant_chess_board.jpg,A_giant_chess_board.jpg,60fba7fd23f98acb32a757a978c7f75cbd5b5435,c0dede9fbf008189,images\60\60fba7fd23f98acb32a757a978c7f75cbd5b5435.jpeg,0,2023-02-14 14:44:43.603370
https://publicdomainvectors.org/photos/Fancy-Chess-Board-And-Pieces.png,https://publicdomainvectors.org/en/free-clipart/Fancy-chess-board-And-pieces/37256.html,Fancy-Chess-Board-And-Pieces.png,c4058c39c8dd88815b1c825961e6c29b2b8f56be,60f6ea57ea747810,images\c4\c4058c39c8dd88815b1c825961e6c29b2b8f56be.jpeg,0,2023-02-14 14:44:45.120776
https://upload.wikimedia.org/wikipedia/commons/thumb/b/b3/The_Chess_Game_-_Sofonisba_Anguissola.jpg/972px-The_Chess_Game_-_Sofonisba_Anguissola.jpg,https://commons.wikimedia.org/wiki/File:The_Chess_Game_-_Sofonisba_Anguissola.jpg,972px-The_Chess_Game_-_Sofonisba_Anguissola.jpg,c1550d8f579d8257b6ca80e80e9c169be296f88c,47475fd79070c0dc,images\c1\c1550d8f579d8257b6ca80e80e9c169be296f88c.jpeg,0,2023-02-14 14:45:17.548296
https://upload.wikimedia.org/wikipedia/commons/7/72/Chess_board_0957.jpg,https://commons.wikimedia.org/wiki/File:Chess_board_0957.jpg,Chess_board_0957.jpg,4aa2496168836230cb85155f091ac210505d02b3,001f3f3f3e7f3800,images\4a\4aa2496168836230cb85155f091ac210505d02b3.jpeg,0,2023-02-14 14:45:22.598951
https://upload.wikimedia.org/wikipedia/commons/thumb/7/70/Chess_Board_and_chess_pieces.JPG/1280px-Chess_Board_and_chess_pieces.JPG,https://commons.wikimedia.org/wiki/File:Chess_Board_and_chess_pieces.JPG,1280px-Chess_Board_and_chess_pieces.JPG,db7e4385cae93d1bcdfada954d535400a49af894,03033f3fffd70081,images\db\db7e4385cae93d1bcdfada954d535400a49af894.jpeg,0,2023-02-14 14:45:24.061081
https://upload.wikimedia.org/wikipedia/commons/9/99/Chess_board_0975.jpg,https://commons.wikimedia.org/wiki/File:Chess_board_0975.jpg,Chess_board_0975.jpg,56b780289eef5d8b7f08c37489e22ff084594338,0f3f7d3e3e1c1c00,images\56\56b780289eef5d8b7f08c37489e22ff084594338.jpeg,0,2023-02-14 14:45:26.159156
https://upload.wikimedia.org/wikipedia/commons/8/84/Black_and_White_Chessboard.jpg,https://commons.wikimedia.org/wiki/File:Black_and_White_Chessboard.jpg,Black_and_White_Chessboard.jpg,7c926eb0efe7b3815a88d8a1eef8f14bd7aa834b,ffe78384c0e0f0f0,images\7c\7c926eb0efe7b3815a88d8a1eef8f14bd7aa834b.jpeg,0,2023-02-14 14:50:08.526637
https://upload.wikimedia.org/wikipedia/commons/7/77/Mikhail_Botvinnik_-_Mikhail_Tal_-_World_Championship_23th_Moscovo_%286%29%2C_1960-03-26_-_wood_handicraft_chess_board.JPG,"https://commons.wikimedia.org/wiki/File:Mikhail_Botvinnik_-_Mikhail_Tal_-_World_Championship_23th_Moscovo_(6),_1960-03-26_-_wood_handicraft_chess_board.JPG",Mikhail_Botvinnik_-_Mikhail_Tal_-_World_Championship_23th_Moscovo_%286%29%2C_1960-03-26_-_wood_handicraft_chess_board.JPG,afe453ac44e6269d5353aab52438c6df1a7a91d3,003c7c7c7c3c74f8,images\af\afe453ac44e6269d5353aab52438c6df1a7a91d3.jpeg,0,2023-02-14 14:50:52.223689
https://get.pxhere.com/photo/games-indoor-games-and-sports-chessboard-chess-board-game-recreation-tabletop-game-table-photography-sports-equipment-world-competition-event-championship-sports-metal-play-1511147.jpg,https://pxhere.com/en/photo/1511147,games-indoor-games-and-sports-chessboard-chess-board-game-recreation-tabletop-game-table-photography-sports-equipment-world-competition-event-championship-sports-metal-play-1511147.jpg,6b41a90d1376942e995b0edc539d7941f3d7a44c,003c7f1f3f0f0f12,images\6b\6b41a90d1376942e995b0edc539d7941f3d7a44c.jpeg,0,2023-02-14 14:50:56.405913
https://upload.wikimedia.org/wikipedia/commons/thumb/e/e6/Chess_board_and_pieces_at_Colony_Club_aboard_Radiance_Of_The_Seas.jpg/2560px-Chess_board_and_pieces_at_Colony_Club_aboard_Radiance_Of_The_Seas.jpg,https://commons.wikimedia.org/wiki/File:Chess_board_and_pieces_at_Colony_Club_aboard_Radiance_Of_The_Seas.jpg,2560px-Chess_board_and_pieces_at_Colony_Club_aboard_Radiance_Of_The_Seas.jpg,404d45b97d33c41d073d098d2318c90c6ee6a35f,7f7f1f042e686803,images\40\404d45b97d33c41d073d098d2318c90c6ee6a35f.jpeg,0,2023-02-14 14:50:57.992471
https://get.pxhere.com/photo/chessboard-games-indoor-games-and-sports-chess-board-game-play-recreation-hand-tabletop-game-finger-photography-sports-equipment-thumb-1521263.jpg,https://pxhere.com/en/photo/1521263,chessboard-games-indoor-games-and-sports-chess-board-game-play-recreation-hand-tabletop-game-finger-photography-sports-equipment-thumb-1521263.jpg,470d46a700c6cf99c32d2448f1f639e0856a490a,023030387efef87e,images\47\470d46a700c6cf99c32d2448f1f639e0856a490a.jpeg,0,2023-02-14 14:51:05.056832
https://upload.wikimedia.org/wikipedia/commons/thumb/a/af/The_Chess_Board.JPG/1280px-The_Chess_Board.JPG,https://commons.wikimedia.org/wiki/File:The_Chess_Board.JPG,1280px-The_Chess_Board.JPG,9988585d9fc2d5f09e3efced0560a099b169b4c4,307c7c3c7c3c3c0e,images\99\9988585d9fc2d5f09e3efced0560a099b169b4c4.jpeg,0,2023-02-14 14:51:10.446220
https://upload.wikimedia.org/wikipedia/commons/6/6f/Chess_board_0991.jpg,https://commons.wikimedia.org/wiki/File:Chess_board_0991.jpg,Chess_board_0991.jpg,e8a1ff4bd3e68e713ca8b6a6e90d74b1e3328e41,00801e3e7e7cfcf8,images\e8\e8a1ff4bd3e68e713ca8b6a6e90d74b1e3328e41.jpeg,0,2023-02-14 14:51:13.657999
https://upload.wikimedia.org/wikipedia/commons/1/1b/Chess_board_0976.jpg,https://commons.wikimedia.org/wiki/File:Chess_board_0976.jpg,Chess_board_0976.jpg,de06d61e3fa2aadeb46d7ab48bad4e0b3d94a721,f0e4c4fefaf0e080,images\de\de06d61e3fa2aadeb46d7ab48bad4e0b3d94a721.jpeg,0,2023-02-14 14:51:20.002084
https://get.pxhere.com/photo/indoor-games-and-sports-chess-games-board-game-black-and-white-chessboard-photography-monochrome-photography-tabletop-game-hand-monochrome-recreation-finger-still-life-photography-1546461.jpg,https://pxhere.com/en/photo/1546461,indoor-games-and-sports-chess-games-board-game-black-and-white-chessboard-photography-monochrome-photography-tabletop-game-hand-monochrome-recreation-finger-still-life-photography-1546461.jpg,15a361d1bd112a0285adce2977f7b62e74712be7,3038381efedaf072,images\15\15a361d1bd112a0285adce2977f7b62e74712be7.jpeg,0,2023-02-14 14:51:23.641116
https://upload.wikimedia.org/wikipedia/commons/thumb/d/d0/Chess_board_at_Karlsruhe_Zoo.jpg/2560px-Chess_board_at_Karlsruhe_Zoo.jpg,https://commons.wikimedia.org/wiki/File:Chess_board_at_Karlsruhe_Zoo.jpg,2560px-Chess_board_at_Karlsruhe_Zoo.jpg,03aa58e11136d321c380386024892325790b03d6,003c108406bfffff,images\03\03aa58e11136d321c380386024892325790b03d6.jpeg,0,2023-02-14 14:51:25.535928
https://upload.wikimedia.org/wikipedia/commons/e/ed/Giant_chess_board%2C_Groningen_%282018%29_02.jpg,"https://commons.wikimedia.org/wiki/File:Giant_chess_board,_Groningen_(2018)_02.jpg",Giant_chess_board%2C_Groningen_%282018%29_02.jpg,ca2438a8507ad9ef1b338df41a31cb9658ef03aa,00041f3f7f7e1e1c,images\ca\ca2438a8507ad9ef1b338df41a31cb9658ef03aa.jpeg,0,2023-02-14 14:51:29.641801
https://upload.wikimedia.org/wikipedia/commons/9/99/Battle_field_with_chess_board.jpg,https://commons.wikimedia.org/wiki/File:Battle_field_with_chess_board.jpg,Battle_field_with_chess_board.jpg,252941daffcdc52cc6aae9a95ea329904f40c0fd,ff899183a18181ff,images\25\252941daffcdc52cc6aae9a95ea329904f40c0fd.jpeg,0,2023-02-14 14:51:43.335817
https://www.goodfreephotos.com/albums/other-photos/chess-game-free-photo.jpg,https://www.goodfreephotos.com/other-photos/chess-game-free-photo.jpg.php,chess-game-free-photo.jpg,0a6d7b354bec5fb2f1e735277cf3ae801fb3ee0d,0f0f7e7e3c7c3800,images\0a\0a6d7b354bec5fb2f1e735277cf3ae801fb3ee0d.jpeg,0,2023-02-14 14:51:54.957725
https://upload.wikimedia.org/wikipedia/commons/4/49/Chess_board_in_park%2C_kiev.JPG,"https://en.m.wikipedia.org/wiki/File:Chess_board_in_park,_kiev.JPG",Chess_board_in_park%2C_kiev.JPG,7246d915dd5bc48f4ef0d7309f75afc33b0fb68a,20fc0ecac69fff00,images\72\7246d915dd5bc48f4ef0d7309f75afc33b0fb68a.jpeg,0,2023-02-14 14:51:56.578209
https://upload.wikimedia.org/wikipedia/commons/f/f7/Heavenly_Scene_with_the_Gods_of_Olympus_Surrounding_a_Chess_Board%2C_Poseidon_and_Pan_Below_MET_DP875896.jpg,"https://commons.wikimedia.org/wiki/File:Heavenly_Scene_with_the_Gods_of_Olympus_Surrounding_a_Chess_Board,_Poseidon_and_Pan_Below_MET_DP875896.jpg",Heavenly_Scene_with_the_Gods_of_Olympus_Surrounding_a_Chess_Board%2C_Poseidon_and_Pan_Below_MET_DP875896.jpg,3f117674309b4cb64fbf0165bf05a84f0ee0ce4e,ffe1c9051d0101ff,images\3f\3f117674309b4cb64fbf0165bf05a84f0ee0ce4e.jpeg,0,2023-02-14 14:52:11.408413
https://upload.wikimedia.org/wikipedia/commons/thumb/a/a6/Giant_chess_board%2C_Groningen_%282018%29_03.jpg/1280px-Giant_chess_board%2C_Groningen_%282018%29_03.jpg,"https://commons.wikimedia.org/wiki/File:Giant_chess_board,_Groningen_(2018)_03.jpg",1280px-Giant_chess_board%2C_Groningen_%282018%29_03.jpg,7377362da4fa49b329900df6bcea16552ec4e870,fefe7e3e16822004,images\73\7377362da4fa49b329900df6bcea16552ec4e870.jpeg,0,2023-02-14 14:52:36.333646
https://get.pxhere.com/photo/chessboard-games-indoor-games-and-sports-chess-board-game-recreation-tabletop-game-play-fun-hand-table-championship-finger-sports-equipment-photography-competition-event-1519545.jpg,https://pxhere.com/en/photo/1519545,chessboard-games-indoor-games-and-sports-chess-board-game-recreation-tabletop-game-play-fun-hand-table-championship-finger-sports-equipment-photography-competition-event-1519545.jpg,f08c897897c36d3ecbe358e96f281bfb72ace878,040090f2fedf1b3f,images\f0\f08c897897c36d3ecbe358e96f281bfb72ace878.jpeg,0,2023-02-14 14:52:38.648717
https://upload.wikimedia.org/wikipedia/commons/2/28/Chess_board_with_chess_set_in_opening_position_2012_PD_05.jpg,https://commons.wikimedia.org/wiki/File:Chess_board_with_chess_set_in_opening_position_2012_PD_05.jpg,Chess_board_with_chess_set_in_opening_position_2012_PD_05.jpg,0deef8f5de7239c1fc75088d72ea2008b9c5aae1,ffcbc3d1818000ff,images\0d\0deef8f5de7239c1fc75088d72ea2008b9c5aae1.jpeg,0,2023-02-14 14:52:41.938650
https://upload.wikimedia.org/wikipedia/commons/7/74/Chess_game_in_kenya.jpg,https://commons.wikimedia.org/wiki/File:Chess_game_in_kenya.jpg,Chess_game_in_kenya.jpg,0946e4d8619df024529f60f0e30a6514773ec483,3c00340c1c2effff,images\09\0946e4d8619df024529f60f0e30a6514773ec483.jpeg,0,2023-02-14 14:52:48.296884
https://upload.wikimedia.org/wikipedia/commons/3/3c/Giant_chess_board%2C_Groningen_%282018%29_01.jpg,"https://commons.wikimedia.org/wiki/File:Giant_chess_board,_Groningen_(2018)_01.jpg",Giant_chess_board%2C_Groningen_%282018%29_01.jpg,eabb3a5017e649968bbb49fba6d679d1d83aabca,60e0f0787e7c7878,images\ea\eabb3a5017e649968bbb49fba6d679d1d83aabca.jpeg,0,2023-02-14 14:52:54.392496
https://upload.wikimedia.org/wikipedia/commons/c/cc/Empty_wooden_chessboard.jpg,https://commons.wikimedia.org/wiki/File:Empty_wooden_chessboard.jpg,Empty_wooden_chessboard.jpg,d308d1d8bec0c57cb631bc7b8fd1e8a4fcccc244,ff83018081c3c7ff,images\d3\d308d1d8bec0c57cb631bc7b8fd1e8a4fcccc244.jpeg,0,2023-02-14 14:53:09.703334
https://c1.wallpaperflare.com/preview/27/478/378/chess-chess-board-chess-pieces-black.jpg,https://www.wallpaperflare.com/black-and-white-concrete-chess-chess-board-chess-pieces-chess-game-wallpaper-wcgjx,chess-chess-board-chess-pieces-black.jpg,21ece5b43176c271c0eb13cdab18cd2d422005ca,0000fcf4e3f77f03,images\21\21ece5b43176c271c0eb13cdab18cd2d422005ca.jpeg,0,2023-02-14 14:53:14.563111
https://c0.wallpaperflare.com/preview/319/644/54/chess-game-board-table.jpg,https://www.wallpaperflare.com/chess-game-board-table-new-york-park-summer-strategy-wallpaper-ebnwv,chess-game-board-table.jpg,d0bd08a0e00cceeff216d50d1078197a15b59167,0e2f4f81d0f6e4e8,images\d0\d0bd08a0e00cceeff216d50d1078197a15b59167.jpeg,0,2023-02-14 14:53:46.617570
https://upload.wikimedia.org/wikipedia/commons/thumb/f/f5/A_Chess_Board.JPG/1280px-A_Chess_Board.JPG,https://commons.wikimedia.org/wiki/File:A_Chess_Board.JPG,1280px-A_Chess_Board.JPG,447719702bdbf8026391a9289efaf894d976f8a4,000606c7c7c7c7ff,images\44\447719702bdbf8026391a9289efaf894d976f8a4.jpeg,0,2023-02-14 14:53:48.177087
https://c0.wallpaperflare.com/preview/955/234/455/battle-black-board-game-challenge.jpg,https://www.wallpaperflare.com/glass-chess-board-set-battle-black-board-game-challenge-checkerboard-wallpaper-ayogm,battle-black-board-game-challenge.jpg,9d0378875c027be5b45de05cdf1ab880e424f6a4,00207cf8f8fefe18,images\9d\9d0378875c027be5b45de05cdf1ab880e424f6a4.jpeg,0,2023-02-14 14:53:56.264914
https://upload.wikimedia.org/wikipedia/commons/a/ae/Drinking_chess_game_%282754788716%29.jpg,https://commons.wikimedia.org/wiki/File:Drinking_chess_game_(2754788716).jpg,Drinking_chess_game_%282754788716%29.jpg,d51747c0ecceb58021798d645cc1bd17393fe55c,9800caf87ebede24,images\d5\d51747c0ecceb58021798d645cc1bd17393fe55c.jpeg,0,2023-02-14 14:54:02.956455
https://c1.wallpaperflare.com/preview/379/871/695/chess-chess-pieces-the-basic-position-staunton.jpg,https://www.wallpaperflare.com/chess-pieces-basic-position-chess-pieces-the-basic-position-wallpaper-wegfn,chess-chess-pieces-the-basic-position-staunton.jpg,3dbe8505f1358ed0cab09dd2266977dc679584b1,fce0c3ffff800081,images\3d\3dbe8505f1358ed0cab09dd2266977dc679584b1.jpeg,0,2023-02-14 14:54:12.401694
https://upload.wikimedia.org/wikipedia/commons/6/64/Chess_board_ok2.jpg,https://commons.wikimedia.org/wiki/File:Chess_board_ok2.jpg,Chess_board_ok2.jpg,ae6f6e0a4b0eac7a774ed37a2e9bbd3a2b612efe,3b7f47030383c56d,images\ae\ae6f6e0a4b0eac7a774ed37a2e9bbd3a2b612efe.jpeg,0,2023-02-14 14:54:21.892525
https://upload.wikimedia.org/wikipedia/commons/e/ef/Life_size_chess_board%2C_Le_Parker_Meridien_%2814606236976%29.jpg,"https://commons.wikimedia.org/wiki/File:Life_size_chess_board,_Le_Parker_Meridien_(14606236976).jpg",Life_size_chess_board%2C_Le_Parker_Meridien_%2814606236976%29.jpg,caae53eabccf6dcbad2f3435d7703a717d1a0e2f,f8f0f1e0f07cf0c0,images\ca\caae53eabccf6dcbad2f3435d7703a717d1a0e2f.jpeg,0,2023-02-14 14:54:32.670348
https://get.pxhere.com/photo/recreation-board-game-sports-chess-chessboard-rush-games-chess-pieces-chess-game-indoor-games-and-sports-tabletop-game-garden-chess-white-against-black-969209.jpg,https://pxhere.com/en/photo/969209,recreation-board-game-sports-chess-chessboard-rush-games-chess-pieces-chess-game-indoor-games-and-sports-tabletop-game-garden-chess-white-against-black-969209.jpg,31e570e52b89b223a0c72e0c350657f665cc6c14,7f3d3e3e1f1e0800,images\31\31e570e52b89b223a0c72e0c350657f665cc6c14.jpeg,0,2023-02-14 14:54:36.966863
https://c0.wallpaperflare.com/preview/745/384/979/battle-board-game-chess-chess-pieces.jpg,https://www.wallpaperflare.com/person-playing-chessboard-set-battle-board-game-chess-pieces-wallpaper-ajxbm,battle-board-game-chess-chess-pieces.jpg,7f3a7e927617f0cb154f7a25c4ba2c558cd50382,0080f0f1fedf1b33,images\7f\7f3a7e927617f0cb154f7a25c4ba2c558cd50382.jpeg,0,2023-02-14 14:54:38.616732
https://get.pxhere.com/photo/white-play-tower-black-lady-memorial-king-chess-runners-figures-games-farmers-chess-board-chess-pieces-playing-field-springer-chess-game-white-against-black-1113506.jpg,https://pxhere.com/en/photo/1113506,white-play-tower-black-lady-memorial-king-chess-runners-figures-games-farmers-chess-board-chess-pieces-playing-field-springer-chess-game-white-against-black-1113506.jpg,4c05e0f48435db3b37ee7566294fcd7f9a91d566,000060f8fcfefef8,images\4c\4c05e0f48435db3b37ee7566294fcd7f9a91d566.jpeg,0,2023-02-14 14:54:43.019962
https://upload.wikimedia.org/wikipedia/commons/3/37/The_corner_of_a_chess_board_on_which_two_white_pieces_are_ch_Wellcome_L0026444.jpg,https://commons.wikimedia.org/wiki/File:The_corner_of_a_chess_board_on_which_two_white_pieces_are_ch_Wellcome_L0026444.jpg,The_corner_of_a_chess_board_on_which_two_white_pieces_are_ch_Wellcome_L0026444.jpg,54441efe5ce0da6cb10b9b3038cb33aa2484d0b9,c1884899b0687fff,images\54\54441efe5ce0da6cb10b9b3038cb33aa2484d0b9.jpeg,0,2023-02-14 14:59:31.396035
https://upload.wikimedia.org/wikipedia/commons/thumb/0/0f/State_Gifts_Chess_Set.JPG/1280px-State_Gifts_Chess_Set.JPG,https://commons.wikimedia.org/wiki/File:State_Gifts_Chess_Set.JPG,1280px-State_Gifts_Chess_Set.JPG,0dcd1f9de7ae236893c23ba67a4ee1a19e949bc7,10f733218083cfff,images\0d\0dcd1f9de7ae236893c23ba67a4ee1a19e949bc7.jpeg,0,2023-02-14 14:59:46.755794
https://upload.wikimedia.org/wikipedia/commons/9/91/Chess_set_2014.jpg,https://kw.wikipedia.org/wiki/Restren:Chess_set_2014.jpg,Chess_set_2014.jpg,e9254e5eec8b9a973919427fb0d4583dea90cdaa,04013c7eff7e3c18,images\e9\e9254e5eec8b9a973919427fb0d4583dea90cdaa.jpeg,0,2023-02-14 14:59:59.606677
https://c1.wallpaperflare.com/preview/329/1012/978/chess-game-board-intelligence.jpg,https://www.wallpaperflare.com/panoramic-photography-of-chessboard-with-checkers-game-intelligence-wallpaper-aqyjy,chess-game-board-intelligence.jpg,0c94999ecd1f1a635d2a92fc9aa2160bff704455,efc3810081c3c7ff,images\0c\0c94999ecd1f1a635d2a92fc9aa2160bff704455.jpeg,0,2023-02-14 15:00:01.594185
https://p1.pxfuel.com/preview/980/52/865/queen-chess-chess-board-chess-pieces-white-board-game.jpg,https://www.pxfuel.com/en/free-photo-xideg,queen-chess-chess-board-chess-pieces-white-board-game.jpg,57589943d73cfe7a0eef83a60eaac48cd579e4d4,0000fddb98e7ff18,images\57\57589943d73cfe7a0eef83a60eaac48cd579e4d4.jpeg,0,2023-02-14 15:00:07.834129
https://upload.wikimedia.org/wikipedia/commons/1/1b/%D0%A8%D0%B0%D1%85%D0%BC%D0%B0%D1%82%D0%BD%D1%8B%D0%B9_%D0%BA%D0%BE%D0%BC%D0%BF%D0%BB%D0%B5%D0%BA%D1%82_%D0%A1%D1%82%D0%B0%D1%83%D0%BD%D1%82%D0%BE%D0%BD_%D0%BE%D0%B1%D1%89%D0%B8%D0%B9_%D0%B2%D0%B8%D0%B4.jpg,https://commons.wikimedia.org/wiki/File:%D0%A8%D0%B0%D1%85%D0%BC%D0%B0%D1%82%D0%BD%D1%8B%D0%B9_%D0%BA%D0%BE%D0%BC%D0%BF%D0%BB%D0%B5%D0%BA%D1%82_%D0%A1%D1%82%D0%B0%D1%83%D0%BD%D1%82%D0%BE%D0%BD_%D0%BE%D0%B1%D1%89%D0%B8%D0%B9_%D0%B2%D0%B8%D0%B4.jpg,%D0%A8%D0%B0%D1%85%D0%BC%D0%B0%D1%82%D0%BD%D1%8B%D0%B9_%D0%BA%D0%BE%D0%BC%D0%BF%D0%BB%D0%B5%D0%BA%D1%82_%D0%A1%D1%82%D0%B0%D1%83%D0%BD%D1%82%D0%BE%D0%BD_%D0%BE%D0%B1%D1%89%D0%B8%D0%B9_%D0%B2%D0%B8%D0%B4.jpg,248af7f2088fe164704cbbb4e68d419946663fb1,c0c8fcffffb82000,images\24\248af7f2088fe164704cbbb4e68d419946663fb1.jpeg,0,2023-02-14 15:00:25.388423
https://www.publicdomainpictures.net/pictures/40000/nahled/chess-board-1.jpg,https://www.publicdomainpictures.net/en/view-image.php?image=33270&picture=chess-board-1,chess-board-1.jpg,78661d53ffd8f3ba338a5dc86142c38582cdc69d,ffd99181818181ff,images\78\78661d53ffd8f3ba338a5dc86142c38582cdc69d.jpeg,0,2023-02-14 15:00:43.894510
https://upload.wikimedia.org/wikipedia/commons/b/b7/Antique_Chess_Board.jpg,https://commons.wikimedia.org/wiki/File:Antique_Chess_Board.jpg,Antique_Chess_Board.jpg,6d001d6cfb58a0bf184439fa83fb94b39f794968,3830207c7f7f7f00,images\6d\6d001d6cfb58a0bf184439fa83fb94b39f794968.jpeg,0,2023-02-14 15:01:04.194637
https://c0.wallpaperflare.com/preview/79/795/721/battle-board-brown-business.jpg,https://www.wallpaperflare.com/battle-board-brown-business-challenge-chess-chessboard-wallpaper-azvkh,battle-board-brown-business.jpg,470d5489c68d29814ca3fbf3b4c42176613ab327,ffff7f0015aa0500,images\47\470d5489c68d29814ca3fbf3b4c42176613ab327.jpeg,0,2023-02-14 15:01:06.282521
https://get.pxhere.com/photo/indoor-games-and-sports-games-chess-board-game-chessboard-tabletop-game-recreation-1543487.jpg,https://pxhere.com/en/photo/1543487,indoor-games-and-sports-games-chess-board-game-chessboard-tabletop-game-recreation-1543487.jpg,b8b15e63d57cbc2e91c22698e0ca0a2be353be4a,030303006fffaf9f,images\b8\b8b15e63d57cbc2e91c22698e0ca0a2be353be4a.jpeg,0,2023-02-14 15:01:09.833762
https://live.staticflickr.com/65535/51395818133_e33be76d50_b.jpg,https://www.flickr.com/photos/saintseminole/51395818133,indoor-games-and-sports-games-chess-board-game-chessboard-tabletop-game-recreation-1543487.jpg,d5c45a0548f8664060723216d9741f0cd78a181a,ffc892b2480093ff,images\d5\d5c45a0548f8664060723216d9741f0cd78a181a.jpeg,0,2023-02-14 16:28:15.905759
https://live.staticflickr.com/65535/51396554355_72ca756bbc_b.jpg,https://www.flickr.com/photos/saintseminole/51396554355,indoor-games-and-sports-games-chess-board-game-chessboard-tabletop-game-recreation-1543487.jpg,ea63bec8d0b3be564460e1a5ee6b0882cf1999d4,6fc1d0c0e1d9ece2,images\ea\ea63bec8d0b3be564460e1a5ee6b0882cf1999d4.jpeg,0,2023-02-14 16:28:17.832042
https://live.staticflickr.com/3254/3068040157_c015ffd3e8_b.jpg,https://www.flickr.com/photos/pedrosz/3068040157,indoor-games-and-sports-games-chess-board-game-chessboard-tabletop-game-recreation-1543487.jpg,5347977193634e86d755ff9c7d0e1f51479d0850,3c0c00387e7e7e3e,images\53\5347977193634e86d755ff9c7d0e1f51479d0850.jpeg,0,2023-02-14 16:28:25.888023
https://live.staticflickr.com/27/112698567_809ddfffbd_b.jpg,https://www.flickr.com/photos/briancweed/112698567,indoor-games-and-sports-games-chess-board-game-chessboard-tabletop-game-recreation-1543487.jpg,0aa7fc47002c5078406168e189ec9d8e8aa09c4e,904e067fbe347638,images\0a\0aa7fc47002c5078406168e189ec9d8e8aa09c4e.jpeg,0,2023-02-14 16:28:38.670512
https://i.vimeocdn.com/filter/overlay?src0=https%3A%2F%2Fi.vimeocdn.com%2Fvideo%2F1050597291-67698eae209366e3ddb5f8ab8361860dfe97e594e13887bcda6e2e0e8c2e7326-d_1280x720&src1=https%3A%2F%2Ff.vimeocdn.com%2Fimages_v6%2Fshare%2Fplay_icon_overlay.png,https://vimeo.com/507581639,indoor-games-and-sports-games-chess-board-game-chessboard-tabletop-game-recreation-1543487.jpg,1da5d81b37499de6ba05e8537a998968aa45b745,ffdf9c8c1c1c9880,images\1d\1da5d81b37499de6ba05e8537a998968aa45b745.jpeg,0,2023-02-14 16:29:32.938928
https://live.staticflickr.com/65535/50916841541_c3f48a8f7d_b.jpg,https://www.flickr.com/photos/30478819@N08/50916841541,indoor-games-and-sports-games-chess-board-game-chessboard-tabletop-game-recreation-1543487.jpg,c75c162cdbae747c15b4b2f47fa472279f1bbd48,ffff000140ad47cb,images\c7\c75c162cdbae747c15b4b2f47fa472279f1bbd48.jpeg,0,2023-02-14 16:29:45.251271
https://live.staticflickr.com/506/32515206105_5bd42b6974_b.jpg,https://www.flickr.com/photos/johngonefishing/32515206105,indoor-games-and-sports-games-chess-board-game-chessboard-tabletop-game-recreation-1543487.jpg,b9ab586ee2f0674de4f9ddca55d3b1fa4e53965e,7786f0fcf9d0c0c0,images\b9\b9ab586ee2f0674de4f9ddca55d3b1fa4e53965e.jpeg,0,2023-02-14 16:29:56.694242
https://live.staticflickr.com/6037/6212511464_728d80b453_b.jpg,https://www.flickr.com/photos/danzen/6212511464,indoor-games-and-sports-games-chess-board-game-chessboard-tabletop-game-recreation-1543487.jpg,457e562022f7035ab366af7b40c20199f5bc6c3b,00187c7d3b3e1f0f,images\45\457e562022f7035ab366af7b40c20199f5bc6c3b.jpeg,0,2023-02-14 16:30:20.772222
https://c0.wallpaperflare.com/preview/576/785/315/aerial-chess-chess-pieces-flat-lay.jpg,https://www.wallpaperflare.com/flat-lay-photography-of-two-men-playing-chess-aerial-chess-pieces-wallpaper-arpmx,indoor-games-and-sports-games-chess-board-game-chessboard-tabletop-game-recreation-1543487.jpg,4b6c5316a1fdd8a14031be1534778092e5171150,1f1fa785c0e0ecf0,images\4b\4b6c5316a1fdd8a14031be1534778092e5171150.jpeg,0,2023-02-14 17:13:16.726638
https://www.maxpixel.net/static/photo/1x/Game-Chess-Board-Black-Play-Think-Strategy-5263888.jpg,https://www.maxpixel.net/Game-Chess-Board-Black-Play-Think-Strategy-5263888,indoor-games-and-sports-games-chess-board-game-chessboard-tabletop-game-recreation-1543487.jpg,1926ad267bd150548cc0a398c72bbaf48e219939,ffe78380c2c383c3,images\19\1926ad267bd150548cc0a398c72bbaf48e219939.jpeg,0,2023-02-14 17:13:26.946064
https://live.staticflickr.com/65535/33744204828_b50a846e30_b.jpg,https://www.flickr.com/photos/160866001@N07/33744204828,indoor-games-and-sports-games-chess-board-game-chessboard-tabletop-game-recreation-1543487.jpg,02e98dddd186a7d521b665f2bdce42df748a5d11,c1c1c1c1e1f9fdc1,images\02\02e98dddd186a7d521b665f2bdce42df748a5d11.jpeg,0,2023-02-14 17:13:54.459766
https://c1.wallpaperflare.com/preview/718/187/760/draughts-chess-board-black-and-white.jpg,https://www.wallpaperflare.com/blue-and-white-marble-top-brown-wooden-framed-chessboard-containing-dried-leaves-black-and-white-checkered-game-board-wallpaper-zmuga,indoor-games-and-sports-games-chess-board-game-chessboard-tabletop-game-recreation-1543487.jpg,1c2add1b160f388170ed1e6444f59d9694ad45b7,783fdfc6381a221c,images\1c\1c2add1b160f388170ed1e6444f59d9694ad45b7.jpeg,0,2023-02-14 17:14:25.162907
https://c0.wallpaperflare.com/preview/184/581/219/battle-board-brown-challenge.jpg,https://www.wallpaperflare.com/battle-board-brown-challenge-chess-chessboard-close-competition-wallpaper-azrih,indoor-games-and-sports-games-chess-board-game-chessboard-tabletop-game-recreation-1543487.jpg,2423b3ee408e72d9926431e9218a72e1ea0d901a,ffffff0b11003100,images\24\2423b3ee408e72d9926431e9218a72e1ea0d901a.jpeg,0,2023-02-14 17:14:43.571168
https://c0.wallpaperflare.com/preview/530/160/48/battle-board-brown-business.jpg,https://www.wallpaperflare.com/battle-board-brown-business-challenge-chess-chessboard-wallpaper-azybu,battle-board-brown-business.jpg,2b0becfe2d354111d6bdbee81ee4c8ff77ca1f76,fffcf3c801450c07,/Users/boerni/Projects/acid-chess/data/training/boards/from_google/2b/2b0becfe2d354111d6bdbee81ee4c8ff77ca1f76.jpeg,0,2023-02-14 21:17:34.852667
https://c1.wallpaperflare.com/preview/469/527/696/chess-game-board-hand.jpg,https://www.wallpaperflare.com/person-playing-chess-game-of-chess-photo-during-daytime-board-wallpaper-zmoii,chess-game-board-hand.jpg,172d1bed76fa4f190b34fb0c79ad8af106551dae,1011010f5b3fabff,/Users/boerni/Projects/acid-chess/data/training/boards/from_google/17/172d1bed76fa4f190b34fb0c79ad8af106551dae.jpeg,0,2023-02-14 21:18:30.979064
https://media.defense.gov/2014/Jul/28/2000829610/2000/2000/0/140722-F-OG534-063.JPG,https://www.shaw.af.mil/News/Article-Display/Article/664213/shaw-chess-club-educates-children/,140722-F-OG534-063.JPG,c1744f8b31b5a7a752af6f8fd2113cbb1a41498d,313c3caccccc6c7c,/Users/boerni/Projects/acid-chess/data/training/boards/from_google/c1/c1744f8b31b5a7a752af6f8fd2113cbb1a41498d.jpeg,0,2023-02-14 21:20:26.763991
https://live.staticflickr.com/1739/42681446742_df8c327fc5_b.jpg,https://www.flickr.com/photos/30478819@N08/42681446742,42681446742_df8c327fc5_b.jpg,7362c0f73db40b2516f06ba84ddf6d6e1d2e7a83,ffffbd81000000ff,/Users/boerni/Projects/acid-chess/data/training/boards/from_google/73/7362c0f73db40b2516f06ba84ddf6d6e1d2e7a83.jpeg,0,2023-02-14 21:20:50.297886
https://live.staticflickr.com/949/27379212017_260d395243_b.jpg,https://www.flickr.com/photos/like_the_grand_canyon/27379212017,27379212017_260d395243_b.jpg,7ac65937dcc057cb11ed467ff2ec7fcf4bcbf319,ed0f1f3b33150b03,/Users/boerni/Projects/acid-chess/data/training/boards/from_google/7a/7ac65937dcc057cb11ed467ff2ec7fcf4bcbf319.jpeg,0,2023-02-14 21:20:59.059491
https://live.staticflickr.com/65535/51093487011_5f859ba9e9_b.jpg,https://www.flickr.com/photos/30478819@N08/51093487011,51093487011_5f859ba9e9_b.jpg,8bf0e8a89fc4e7bcb412bcf04af406a64d27b398,000008fe6eff7cf9,/Users/boerni/Projects/acid-chess/data/training/boards/from_google/8b/8bf0e8a89fc4e7bcb412bcf04af406a64d27b398.jpeg,0,2023-02-14 21:21:28.123119
https://live.staticflickr.com/65535/51125063003_21a16d0480_b.jpg,https://www.flickr.com/photos/26344495@N05/51125063003,51125063003_21a16d0480_b.jpg,e75f3246eb0fa3c8a1c147db816f97616c2c33c9,00001e3eb5bd7efa,/Users/boerni/Projects/acid-chess/data/training/boards/from_google/e7/e75f3246eb0fa3c8a1c147db816f97616c2c33c9.jpeg,0,2023-02-14 21:21:43.865201
https://www.maxpixel.net/static/photo/1x/Figures-White-Chess-Board-Play-Lady-King-Black-6022479.jpg,https://www.maxpixel.net/Figures-White-Chess-Board-Play-Lady-King-Black-6022479,Figures-White-Chess-Board-Play-Lady-King-Black-6022479.jpg,4b530602ff5d2914968500e313e5aeccc04507a2,00fee7818b9fdf00,/Users/boerni/Projects/acid-chess/data/training/boards/from_google/4b/4b530602ff5d2914968500e313e5aeccc04507a2.jpeg,0,2023-02-14 21:22:06.523131
https://live.staticflickr.com/1439/1055235628_c0bf3d8151_c.jpg,https://www.flickr.com/photos/jalex_photo/1055235628,1055235628_c0bf3d8151_c.jpg,25a34fe997acb67e3ae709663aa229e03e1636cc,103c7c7c7c7e7c04,/Users/boerni/Projects/acid-chess/data/training/boards/from_google/25/25a34fe997acb67e3ae709663aa229e03e1636cc.jpeg,0,2023-02-14 21:23:04.204915
https://live.staticflickr.com/65535/50903818347_ed33dd9462_b.jpg,https://www.flickr.com/photos/30478819@N08/50903818347,50903818347_ed33dd9462_b.jpg,d81a9b4a17e351d5f22ecbd38ef9d2d6eb14cc52,000037fdfffee0c0,/Users/boerni/Projects/acid-chess/data/training/boards/from_google/d8/d81a9b4a17e351d5f22ecbd38ef9d2d6eb14cc52.jpeg,0,2023-02-14 21:23:24.493495
https://live.staticflickr.com/65535/50871768948_4f16fb17a2_b.jpg,https://www.flickr.com/photos/30478819@N08/50871768948,50871768948_4f16fb17a2_b.jpg,7de1d072a225f75d68a9e771c45d84f9df64ace0,fff515019961b1e0,/Users/boerni/Projects/acid-chess/data/training/boards/from_google/7d/7de1d072a225f75d68a9e771c45d84f9df64ace0.jpeg,0,2023-02-14 21:23:57.292573
https://live.staticflickr.com/2891/9287723490_f81c259b5f_b.jpg,https://www.flickr.com/photos/21728045@N08/9287723490,9287723490_f81c259b5f_b.jpg,fda6b0ba1a6892bc47a52efea9d70774e68657be,ff918181b9641b7c,/Users/boerni/Projects/acid-chess/data/training/boards/from_google/fd/fda6b0ba1a6892bc47a52efea9d70774e68657be.jpeg,0,2023-02-14 21:26:58.206961
https://live.staticflickr.com/6124/5975892004_746e94acd7_b.jpg,https://www.flickr.com/photos/eugen_anghel/5975892004,5975892004_746e94acd7_b.jpg,4ef2e8d8f0e013cf6d97b25200bfdcf28d196f94,ffffe1e0a03e1400,/Users/boerni/Projects/acid-chess/data/training/boards/from_google/4e/4ef2e8d8f0e013cf6d97b25200bfdcf28d196f94.jpeg,0,2023-02-14 21:29:17.878994
https://live.staticflickr.com/3122/5787096600_f10cc0941a_b.jpg,https://www.flickr.com/photos/camknows/5787096600,5787096600_f10cc0941a_b.jpg,28a4099480da00d627e8fe2520d5baa83d15890e,01002cffff6d7c0c,/Users/boerni/Projects/acid-chess/data/training/boards/from_google/28/28a4099480da00d627e8fe2520d5baa83d15890e.jpeg,0,2023-02-14 21:39:08.718491
https://live.staticflickr.com/65535/46705996405_5bda28d1bb_b.jpg,https://www.flickr.com/photos/160866001@N07/46705996405,46705996405_5bda28d1bb_b.jpg,996ec60f2fc8b270a533e0b3e8932fab24ab5f15,697fcdff000000ff,/Users/boerni/Projects/acid-chess/data/training/boards/from_google/99/996ec60f2fc8b270a533e0b3e8932fab24ab5f15.jpeg,0,2023-02-14 21:39:32.219134
https://pixnio.com/free-images/objects/chess-game.jpg,https://pixnio.com/objects/chess-game,chess-game.jpg,d0f329a904323ece761721d99c802fdfdb38a6e5,78f8e0c2cacecc78,/Users/boerni/Projects/acid-chess/data/training/boards/from_google/d0/d0f329a904323ece761721d99c802fdfdb38a6e5.jpeg,0,2023-02-14 21:42:00.176911
https://p1.pxfuel.com/preview/783/352/1019/chess-board-game-play-strategy-royalty-free-thumbnail.jpg,https://www.pxfuel.com/en/search?q=chess+figure&page=4,chess-board-game-play-strategy-royalty-free-thumbnail.jpg,9299c1d3386b269471a4c54a9038a123dbc2a2ad,183c18101efe7fba,/Users/boerni/Projects/acid-chess/data/training/boards/from_google/92/9299c1d3386b269471a4c54a9038a123dbc2a2ad.jpeg,0,2023-02-14 21:42:12.848841
https://c1.wallpaperflare.com/preview/23/100/978/chess-figure-game-play-thumbnail.jpg,https://www.wallpaperflare.com/chess-game-strategic-board-win-the-board-black-chess-party-wallpaper-wruda,chess-figure-game-play-thumbnail.jpg,16a4d5f07a07d7e9a04bb3d6314ea99553f69362,00f8ffbf8d1c2829,/Users/boerni/Projects/acid-chess/data/training/boards/from_google/16/16a4d5f07a07d7e9a04bb3d6314ea99553f69362.jpeg,0,2023-02-14 21:48:06.203996
https://live.staticflickr.com/74/155156466_7f24c7cf0b_b.jpg,https://www.flickr.com/photos/thesoupboy/155156466,155156466_7f24c7cf0b_b.jpg,269360a475423d65a93dbfacb3d20b4cf505cc57,111f66a2925af8af,/Users/boerni/Projects/acid-chess/data/training/boards/from_google/26/269360a475423d65a93dbfacb3d20b4cf505cc57.jpeg,0,2023-02-14 23:13:11.020673
https://live.staticflickr.com/4206/34943785883_1619757e07_b.jpg,https://www.flickr.com/photos/colinsite/34943785883,34943785883_1619757e07_b.jpg,2bd693d4d9b8d2ac2f1526df11030e46c6bc4231,ffe3c1b1a080c3c7,/Users/boerni/Projects/acid-chess/data/training/boards/from_google/2b/2bd693d4d9b8d2ac2f1526df11030e46c6bc4231.jpeg,0,2023-02-14 23:16:55.755100
https://live.staticflickr.com/1929/44848308511_f243060956_b.jpg,https://www.flickr.com/photos/22711505@N05/44848308511,44848308511_f243060956_b.jpg,9ac041cf19d905c35c677c0498a24444e28a6d92,0b8390dec6fbccc1,/Users/boerni/Projects/acid-chess/data/training/boards/from_google/9a/9ac041cf19d905c35c677c0498a24444e28a6d92.jpeg,0,2023-02-14 23:20:47.852998
https://live.staticflickr.com/7561/15831225869_b48c67e4f6_b.jpg,https://www.flickr.com/photos/arthur_chapman/15831225869,15831225869_b48c67e4f6_b.jpg,17eededd21f1218200ebed047d69baade68836b8,613abbbd9d153d00,/Users/boerni/Projects/acid-chess/data/training/boards/from_google/17/17eededd21f1218200ebed047d69baade68836b8.jpeg,0,2023-02-14 23:21:34.013517
https://live.staticflickr.com/6171/6223207859_5e7eaa6e11_b.jpg,https://www.flickr.com/photos/danzen/6223207859,6223207859_5e7eaa6e11_b.jpg,f5c3ef896b12ced8a3e5551786b1d6256672f2bc,8c3c3f7f098181bd,/Users/boerni/Projects/acid-chess/data/training/boards/from_google/f5/f5c3ef896b12ced8a3e5551786b1d6256672f2bc.jpeg,0,2023-02-14 23:21:58.605707
https://live.staticflickr.com/84/236910783_ac55b9ddf5_b.jpg,https://www.flickr.com/photos/mharrsch/236910783,236910783_ac55b9ddf5_b.jpg,727cd804e38c04ad3c51eb08344a10f5f99a3bac,803f3f3f3e30018f,/Users/boerni/Projects/acid-chess/data/training/boards/from_google/72/727cd804e38c04ad3c51eb08344a10f5f99a3bac.jpeg,0,2023-02-14 23:22:15.069265
https://live.staticflickr.com/4039/4192987095_4e1475e4e4_b.jpg,https://www.flickr.com/photos/43021516@N06/4192987095,4192987095_4e1475e4e4_b.jpg,7670262ccf14b13dc27a930e83afff8579397430,f8000487d78fde1f,/Users/boerni/Projects/acid-chess/data/training/boards/from_google/76/7670262ccf14b13dc27a930e83afff8579397430.jpeg,0,2023-02-14 23:22:27.182852
https://live.staticflickr.com/2861/33256215514_4655df46a4_b.jpg,https://www.flickr.com/photos/aliarda/33256215514,33256215514_4655df46a4_b.jpg,31f1f1e37af772e0ce260c6e5a97d50e9646684e,efc7040071f9fd41,/Users/boerni/Projects/acid-chess/data/training/boards/from_google/31/31f1f1e37af772e0ce260c6e5a97d50e9646684e.jpeg,0,2023-02-14 23:22:37.416617
https://live.staticflickr.com/2425/3655957968_3f10c9b0de_b.jpg,https://www.flickr.com/photos/arthur_chapman/3655957968,3655957968_3f10c9b0de_b.jpg,c01a98180b23f68a156d61137b96848b50e3f98f,bc2a013b130bf5fa,/Users/boerni/Projects/acid-chess/data/training/boards/from_google/c0/c01a98180b23f68a156d61137b96848b50e3f98f.jpeg,0,2023-02-14 23:22:51.238016
https://live.staticflickr.com/4884/31161281047_995b2aca56_b.jpg,https://www.flickr.com/photos/161345607@N08/31161281047,31161281047_995b2aca56_b.jpg,04a340a71fd8cee2c93290e903738fc42f01717a,fff3a1010081c3ff,/Users/boerni/Projects/acid-chess/data/training/boards/from_google/04/04a340a71fd8cee2c93290e903738fc42f01717a.jpeg,0,2023-02-14 23:23:33.908277
https://live.staticflickr.com/1107/1480789826_490f4f0f3b_b.jpg,https://www.flickr.com/photos/seeminglee/1480789826,1480789826_490f4f0f3b_b.jpg,c030be65d0abf689f0bad6d0de94b4f9d85aeab7,00007b7f7f7e3a30,/Users/boerni/Projects/acid-chess/data/training/boards/from_google/c0/c030be65d0abf689f0bad6d0de94b4f9d85aeab7.jpeg,0,2023-02-14 23:24:06.919748
https://live.staticflickr.com/4832/31161290127_3a56c459d1_b.jpg,https://www.flickr.com/photos/161345607@N08/31161290127,31161290127_3a56c459d1_b.jpg,ac366908a787b382a502c1cf7ea2a615c6a54352,ffffc7000502cce1,/Users/boerni/Projects/acid-chess/data/training/boards/from_google/ac/ac366908a787b382a502c1cf7ea2a615c6a54352.jpeg,0,2023-02-14 23:24:36.656903
https://live.staticflickr.com/669/21888979085_7102baa2be_b.jpg,https://www.flickr.com/photos/titanicbelfast/21888979085,21888979085_7102baa2be_b.jpg,9e785336022ed6edb2a5569876d154c11f93220c,fff3e1818101c3e3,/Users/boerni/Projects/acid-chess/data/training/boards/from_google/9e/9e785336022ed6edb2a5569876d154c11f93220c.jpeg,0,2023-02-14 23:25:14.727621
https://live.staticflickr.com/4/5112284_133239f6f6_b.jpg,https://www.flickr.com/photos/aviatordave/5112284,5112284_133239f6f6_b.jpg,5cbe27d36391652db87e51c4806f8aa4596effe1,000838feee7d7f11,/Users/boerni/Projects/acid-chess/data/training/boards/from_google/5c/5cbe27d36391652db87e51c4806f8aa4596effe1.jpeg,0,2023-02-14 23:26:39.630789
https://upload.wikimedia.org/wikipedia/commons/d/de/Barleycorn_chess_set.jpg,https://commons.wikimedia.org/wiki/File:Barleycorn_chess_set.jpg,Barleycorn_chess_set.jpg,18c7abf4bca90179903ace347b313b64e69afdb7,000078fefffff100,/Users/boerni/Projects/acid-chess/data/training/boards/from_google/18/18c7abf4bca90179903ace347b313b64e69afdb7.jpeg,0,2023-02-14 23:26:49.136179
https://live.staticflickr.com/65535/51359330537_891f7d73d4_b.jpg,https://flickr.com/182826961@N04/51359330537,51359330537_891f7d73d4_b.jpg,2e74459b4c36f29b2f04897fccc2a336f09f558c,fff381000081cfff,/Users/boerni/Projects/acid-chess/data/training/boards/from_google/2e/2e74459b4c36f29b2f04897fccc2a336f09f558c.jpeg,0,2023-02-14 23:27:02.981890
https://live.staticflickr.com/65535/51319360291_fd95832776_b.jpg,https://www.flickr.com/photos/saintseminole/51319360291/,51319360291_fd95832776_b.jpg,8a043ccece4db9cd846ee26f4b09724758c441ee,0000043e7e7e7f7f,/Users/boerni/Projects/acid-chess/data/training/boards/from_google/8a/8a043ccece4db9cd846ee26f4b09724758c441ee.jpeg,0,2023-02-14 23:32:59.478090
https://media.defense.gov/2018/Aug/02/2001949830/2000/2000/0/180726-F-OD616-0005.JPG,https://www.hill.af.mil/News/Article-Display/Article/1591817/not-just-books-hill-library-hosts-many-activities-programs/,180726-F-OD616-0005.JPG,1a8209a3cac09005ebdcc6889558278b343f9bc2,0181f702503f7f7e,/Users/boerni/Projects/acid-chess/data/training/boards/from_google/1a/1a8209a3cac09005ebdcc6889558278b343f9bc2.jpeg,0,2023-02-14 23:33:08.110160
https://live.staticflickr.com/6078/6055847292_437fded930_b.jpg,https://www.flickr.com/photos/pictureclara/6055847292,6055847292_437fded930_b.jpg,17df0584d347b39eda7c6941649891238f25e329,00028a5e3f0d3fff,/Users/boerni/Projects/acid-chess/data/training/boards/from_google/17/17df0584d347b39eda7c6941649891238f25e329.jpeg,0,2023-02-14 23:35:13.793259
https://live.staticflickr.com/65535/52257927502_de8bb9396e_b.jpg,https://www.flickr.com/photos/saintseminole/52257927502,52257927502_de8bb9396e_b.jpg,1e42b4abacb49dc3d897b7ff77ceaf3628541ed2,00007f6d6501ffbf,/Users/boerni/Projects/acid-chess/data/training/boards/from_google/1e/1e42b4abacb49dc3d897b7ff77ceaf3628541ed2.jpeg,0,2023-02-14 23:35:27.357294
https://live.staticflickr.com/3188/2554179533_87eb234a4a_b.jpg,https://www.flickr.com/photos/fortinbras/2554179533,2554179533_87eb234a4a_b.jpg,d57e9ae09c127c3a881f334cb7612ac2f5a6c627,3c1f3f1786c2e08e,/Users/boerni/Projects/acid-chess/data/training/boards/from_google/d5/d57e9ae09c127c3a881f334cb7612ac2f5a6c627.jpeg,0,2023-02-14 23:35:59.373929
https://www.nps.gov/thko/planyourvisit/images/DSC_7717-resized.jpg?maxwidth=1200&maxheight=1200&autorotate=false,https://www.nps.gov/thko/planyourvisit/fees.htm,DSC_7717-resized.jpg,e7a6e185f79a252288622cb4d6309b635aecbdd8,40fcfe7f7e7c0000,/Users/boerni/Projects/acid-chess/data/training/boards/from_google/e7/e7a6e185f79a252288622cb4d6309b635aecbdd8.jpeg,0,2023-02-14 23:36:22.091933
https://live.staticflickr.com/5449/30136656744_1bbe5b870d_b.jpg,https://www.flickr.com/photos/karpidis/30136656744,30136656744_1bbe5b870d_b.jpg,a5d2c5d4b89bb933e56d3aa9b6c4e280d2f24d1f,2f0e9e3408183dff,/Users/boerni/Projects/acid-chess/data/training/boards/from_google/a5/a5d2c5d4b89bb933e56d3aa9b6c4e280d2f24d1f.jpeg,0,2023-02-14 23:39:19.379415
https://c1.wallpaperflare.com/preview/283/930/556/chess-hands-chess-piece-chess-board.jpg,https://www.wallpaperflare.com/two-person-playing-chess-on-white-table-hands-chess-piece-wallpaper-zcjon,chess-hands-chess-piece-chess-board.jpg,fd619804cc58c4d8173bdcd1c56e5cc82f854650,0580e1f0e1f0fcfe,/Users/boerni/Projects/acid-chess/data/training/boards/from_google/fd/fd619804cc58c4d8173bdcd1c56e5cc82f854650.jpeg,0,2023-02-14 23:42:06.161730
https://media.defense.gov/2007/Jun/27/2000477035/2000/2000/0/070620-F-0000Y-002.JPG,https://www.hill.af.mil/News/Features/Display/Article/398764/388th-fighter-wing-airman-puts-checkmate-on-competition/,070620-F-0000Y-002.JPG,3c4eef08fba94590305b398f84d1b13cc3393233,f7f7c30000818bff,/Users/boerni/Projects/acid-chess/data/training/boards/from_google/3c/3c4eef08fba94590305b398f84d1b13cc3393233.jpeg,0,2023-02-14 23:42:56.913027
https://media.defense.gov/2014/Jul/28/2000829612/2000/2000/0/140722-F-OG534-056.JPG,https://www.shaw.af.mil/News/Article-Display/Article/664213/shaw-chess-club-educates-children/,140722-F-OG534-056.JPG,9a5dbec2b670d727173a5ab287539734c720c71b,fdfc3c3c980004fe,/Users/boerni/Projects/acid-chess/data/training/boards/from_google/9a/9a5dbec2b670d727173a5ab287539734c720c71b.jpeg,0,2023-02-15 12:14:36.399582
https://live.staticflickr.com/5017/5497307943_285648b23f_b.jpg,https://www.flickr.com/photos/usnavy/5497307943,5497307943_285648b23f_b.jpg,d72b56f1e64b952e5f14a57e7fa460535ce245bf,dc3e4edf9c1e1880,/Users/boerni/Projects/acid-chess/data/training/boards/from_google/d7/d72b56f1e64b952e5f14a57e7fa460535ce245bf.jpeg,0,2023-02-15 12:15:06.795940
https://live.staticflickr.com/65535/49988971176_ae6ae503e1_b.jpg,https://www.flickr.com/photos/nenadstojkovic/49988971176,49988971176_ae6ae503e1_b.jpg,e69813e0a5a4fade8c7d1498e8deba58dc8927ae,8c8dacedfc387818,/Users/boerni/Projects/acid-chess/data/training/boards/from_google/e6/e69813e0a5a4fade8c7d1498e8deba58dc8927ae.jpeg,0,2023-02-15 12:15:21.443579
https://media.defense.gov/2016/Nov/08/2001665364/2000/2000/0/161101-F-IP058-053.JPG,https://www.ellsworth.af.mil/News/Features/Display/Article/998959/sit-down-unplug-and-let-the-dice-roll/,161101-F-IP058-053.JPG,91989040da6c479e0b7b1c16e8805a4c7ca9dd8b,fff73632008f0f04,/Users/boerni/Projects/acid-chess/data/training/boards/from_google/91/91989040da6c479e0b7b1c16e8805a4c7ca9dd8b.jpeg,0,2023-02-15 12:15:25.722278
https://live.staticflickr.com/5042/5643222791_cd10d6c559_b.jpg,https://www.flickr.com/photos/perspective/5643222791/,5643222791_cd10d6c559_b.jpg,901ff180e954d1a545c4a42b4f301a5bc146ea3f,8933320018faff9f,/Users/boerni/Projects/acid-chess/data/training/boards/from_google/90/901ff180e954d1a545c4a42b4f301a5bc146ea3f.jpeg,0,2023-02-15 12:15:31.389688
https://media.defense.gov/2010/Jun/09/2000353752/2000/2000/0/100610-F-2306H-002.JPG,https://www.offutt.af.mil/News/Features/Display/Article/312797/playing-to-win-mentality-contributes-to-air-force-honors/,100610-F-2306H-002.JPG,246f0200b9fad4728d7d435e04960a41060e3c0b,ffffe3c1e0803060,/Users/boerni/Projects/acid-chess/data/training/boards/from_google/24/246f0200b9fad4728d7d435e04960a41060e3c0b.jpeg,0,2023-02-15 12:16:36.953058
https://live.staticflickr.com/65535/50088839301_ebcd976f4b_b.jpg,https://www.flickr.com/photos/schuminweb/50088839301,50088839301_ebcd976f4b_b.jpg,22d1eb2dabf8e1ac5b1309aead11bc4ea2c5d78c,3000000dede3ffff,/Users/boerni/Projects/acid-chess/data/training/boards/from_google/22/22d1eb2dabf8e1ac5b1309aead11bc4ea2c5d78c.jpeg,0,2023-02-15 12:17:31.767858
https://get.pxhere.com/photo/white-play-recreation-tower-black-lady-board-game-king-sports-chess-chessboard-runners-figures-games-farmers-chess-board-chess-pieces-playing-field-springer-chess-game-indoor-games-and-sports-tabletop-game-1113513.jpg,https://pxhere.com/en/photo/1113513,white-play-recreation-tower-black-lady-board-game-king-sports-chess-chessboard-runners-figures-games-farmers-chess-board-chess-pieces-playing-field-springer-chess-game-indoor-games-and-sports-tabletop-game-1113513.jpg,76a4560e487bf709b672766e3e64ae74099d5a1c,ff7fefef00000007,/Users/boerni/Projects/acid-chess/data/training/boards/from_google/76/76a4560e487bf709b672766e3e64ae74099d5a1c.jpeg,0,2023-02-15 12:20:06.041307
https://get.pxhere.com/photo/board-game-play-recreation-black-board-game-timer-competition-decision-king-sports-chess-pawn-chessboard-games-indoor-games-and-sports-tabletop-game-1208507.jpg,https://pxhere.com/en/photo/1208507,board-game-play-recreation-black-board-game-timer-competition-decision-king-sports-chess-pawn-chessboard-games-indoor-games-and-sports-tabletop-game-1208507.jpg,1013fdb4d003b3c92c707c2ebc5f157a5a711030,e0f5c0f0d1f0d1d3,/Users/boerni/Projects/acid-chess/data/training/boards/from_google/10/1013fdb4d003b3c92c707c2ebc5f157a5a711030.jpeg,0,2023-02-15 12:21:14.372468
https://c1.wallpaperflare.com/preview/739/270/332/chess-play-chess-board-chess-game.jpg,https://www.wallpaperflare.com/chess-play-chess-game-figures-white-black-horse-bauer-wallpaper-asspj,chess-play-chess-board-chess-game.jpg,2a37ea92438efc1d98cbd0ec523787255df49c80,83071ffffe3c0c00,/Users/boerni/Projects/acid-chess/data/training/boards/from_google/2a/2a37ea92438efc1d98cbd0ec523787255df49c80.jpeg,0,2023-02-15 12:25:27.560339
https://storage.needpix.com/rsynced_images/chess-2249357_1280.jpg,https://www.needpix.com/photo/921859/chess-play-chess-board-chess-game-figures-white-black-horse-bauer,chess-2249357_1280.jpg,fff3f514bfebf3a731891ceae4d25a45c13310c3,002020033fff7fbf,/Users/boerni/Projects/acid-chess/data/training/boards/from_google/ff/fff3f514bfebf3a731891ceae4d25a45c13310c3.jpeg,0,2023-02-15 12:26:11.068765
https://get.pxhere.com/photo/white-play-recreation-tower-black-lady-board-game-start-king-sports-chess-runners-installation-figures-games-farmers-chess-board-chess-pieces-playing-field-springer-at-the-beginning-chess-game-indoor-games-and-sports-tabletop-game-start-of-the-game-1113509.jpg,https://pxhere.com/en/photo/1113509,white-play-recreation-tower-black-lady-board-game-start-king-sports-chess-runners-installation-figures-games-farmers-chess-board-chess-pieces-playing-field-springer-at-the-beginning-chess-game-indoor-games-and-sports-tabletop-game-start-of-the-game-1113509.jpg,6267d4eddc0865207aa96394f39ed070797e18e6,0020f07c7fbebe38,/Users/boerni/Projects/acid-chess/data/training/boards/from_google/62/6267d4eddc0865207aa96394f39ed070797e18e6.jpeg,0,2023-02-15 12:27:01.054501
https://live.staticflickr.com/7126/7488905640_de1d8ccf00_b.jpg,https://www.flickr.com/photos/gabrielsaldana/7488905640,7488905640_de1d8ccf00_b.jpg,2e71e671e59332edb6dd8add0b12b47d0f44251e,000000f3fefdf9fc,/Users/boerni/Projects/acid-chess/data/training/boards/from_google/2e/2e71e671e59332edb6dd8add0b12b47d0f44251e.jpeg,0,2023-02-15 12:27:45.521498
https://get.pxhere.com/photo/black-and-white-wood-white-sport-play-recreation-black-leisure-board-game-fun-sports-chess-chessboard-games-wooden-figures-pleasure-hobby-win-voltage-strategy-game-chess-pieces-lose-pastime-chess-game-indoor-games-and-sports-tabletop-game-community-game-1063772.jpg,https://pxhere.com/en/photo/1063772,black-and-white-wood-white-sport-play-recreation-black-leisure-board-game-fun-sports-chess-chessboard-games-wooden-figures-pleasure-hobby-win-voltage-strategy-game-chess-pieces-lose-pastime-chess-game-indoor-games-and-sports-tabletop-game-community-game-1063772.jpg,298d0b4201b60d916c98899d5d2aebf7a0f455d5,8090901029fbffff,/Users/boerni/Projects/acid-chess/data/training/boards/from_google/29/298d0b4201b60d916c98899d5d2aebf7a0f455d5.jpeg,0,2023-02-15 12:28:13.176469
https://c1.wallpaperflare.com/preview/330/486/479/chess-play-tactics-board-game.jpg,https://www.wallpaperflare.com/chess-play-tactics-board-game-consider-strategy-sport-wallpaper-wifye,chess-play-tactics-board-game.jpg,2d5f0a0cf27014502430d7b80dd227e86cf772bf,00026f6f2f6f3f0c,/Users/boerni/Projects/acid-chess/data/training/boards/from_google/2d/2d5f0a0cf27014502430d7b80dd227e86cf772bf.jpeg,0,2023-02-15 12:28:57.005649
https://get.pxhere.com/photo/man-play-recreation-cathedral-board-game-artwork-austria-figure-sports-chess-dom-games-salzburg-salzburg-cathedral-male-figure-chess-game-indoor-games-and-sports-tabletop-game-golden-ball-kapitelplatz-balkenhol-mozartkugel-chess-player-street-chess-sphaera-1124203.jpg,https://pxhere.com/en/photo/1124203,man-play-recreation-cathedral-board-game-artwork-austria-figure-sports-chess-dom-games-salzburg-salzburg-cathedral-male-figure-chess-game-indoor-games-and-sports-tabletop-game-golden-ball-kapitelplatz-balkenhol-mozartkugel-chess-player-street-chess-sphaera-1124203.jpg,689a6e2fa042590543c5d9eddb937c1cf78fb0a6,0000387f7f3f1f17,/Users/boerni/Projects/acid-chess/data/training/boards/from_google/68/689a6e2fa042590543c5d9eddb937c1cf78fb0a6.jpeg,0,2023-02-15 12:29:11.743659
https://live.staticflickr.com/7501/26641116284_2f4812587d_b.jpg,https://www.flickr.com/photos/worldbank/26641116284,26641116284_2f4812587d_b.jpg,5cadaa9d227494cbc8201615286aa5db5065ae81,dfe7f37130261019,/Users/boerni/Projects/acid-chess/data/training/boards/from_google/5c/5cadaa9d227494cbc8201615286aa5db5065ae81.jpeg,0,2023-02-15 12:29:26.368938
https://get.pxhere.com/photo/black-and-white-play-recreation-tower-horse-think-board-game-sports-chess-chessboard-runners-games-shape-bauer-chess-board-chess-pieces-chess-game-indoor-games-and-sports-tabletop-game-king-game-748695.jpg,https://pxhere.com/en/photo/748695,black-and-white-play-recreation-tower-horse-think-board-game-sports-chess-chessboard-runners-games-shape-bauer-chess-board-chess-pieces-chess-game-indoor-games-and-sports-tabletop-game-king-game-748695.jpg,14fe3610781c8342678f2907994cf1cd25df305a,383c7e7e3e3c3c00,/Users/boerni/Projects/acid-chess/data/training/boards/from_google/14/14fe3610781c8342678f2907994cf1cd25df305a.jpeg,0,2023-02-15 12:30:28.566195
https://live.staticflickr.com/4131/4982409890_b52e2c8db4_b.jpg,https://www.flickr.com/photos/jiuguangw/4982409890,4982409890_b52e2c8db4_b.jpg,ee2ab875eaa0c33980ae2ab851ac2a4a878b4966,e0e0e4a0e7af87c9,/Users/boerni/Projects/acid-chess/data/training/boards/from_google/ee/ee2ab875eaa0c33980ae2ab851ac2a4a878b4966.jpeg,0,2023-02-15 12:30:41.790863
https://get.pxhere.com/photo/play-glass-rose-tower-lady-flowers-roses-king-glasses-chess-runners-figures-games-bauer-win-chess-board-chess-pieces-springer-chess-game-checkmated-1109812.jpg,https://pxhere.com/en/photo/1109812,play-glass-rose-tower-lady-flowers-roses-king-glasses-chess-runners-figures-games-bauer-win-chess-board-chess-pieces-springer-chess-game-checkmated-1109812.jpg,df0fa5df808777bd8803cb1b3994515b20fc741a,e0f4fcfaf8e06060,/Users/boerni/Projects/acid-chess/data/training/boards/from_google/df/df0fa5df808777bd8803cb1b3994515b20fc741a.jpeg,0,2023-02-15 12:32:31.808105
https://live.staticflickr.com/6238/6256497313_e7423273b7_c.jpg,https://www.flickr.com/photos/liammch/6256497313,6256497313_e7423273b7_c.jpg,99ada6daf05f6c9a47927ee4619ad13d38aed33e,fcfc9c8e980e3c18,/Users/boerni/Projects/acid-chess/data/training/boards/from_google/99/99ada6daf05f6c9a47927ee4619ad13d38aed33e.jpeg,0,2023-02-15 12:36:27.320299
https://live.staticflickr.com/2854/10250573366_fa7c27ccf5_b.jpg,https://www.flickr.com/photos/olegshpyrko/10250573366,10250573366_fa7c27ccf5_b.jpg,2894724add5c8aa1dfdefa41a64b53b9c4f01e09,003c1b1b9ffff900,/Users/boerni/Projects/acid-chess/data/training/boards/from_google/28/2894724add5c8aa1dfdefa41a64b53b9c4f01e09.jpeg,0,2023-02-15 12:37:22.749780
https://media.defense.gov/2014/Aug/06/2000826986/2000/2000/0/140725-F-TA373-017.JPG,https://www.offutt.af.mil/News/Article/659609/classic-game-makes-return/,140725-F-TA373-017.JPG,e344c3b305ac917b4d510fa5528a3e6f374e3e6b,3f0d0d0e16f2f0f8,/Users/boerni/Projects/acid-chess/data/training/boards/from_google/e3/e344c3b305ac917b4d510fa5528a3e6f374e3e6b.jpeg,0,2023-02-15 12:38:22.678349
https://get.pxhere.com/photo/board-white-game-play-recreation-thinking-think-black-leisure-board-game-competition-kids-power-battle-children-king-sports-chess-queen-strategy-pawn-chessboard-move-plan-games-entertainment-intelligence-victory-hobby-success-pieces-tactics-win-strategic-indoor-games-and-sports-tabletop-game-727437.jpg,https://pxhere.com/en/photo/727437,board-white-game-play-recreation-thinking-think-black-leisure-board-game-competition-kids-power-battle-children-king-sports-chess-queen-strategy-pawn-chessboard-move-plan-games-entertainment-intelligence-victory-hobby-success-pieces-tactics-win-strategic-indoor-games-and-sports-tabletop-game-727437.jpg,e3e8086bbb6f37229d3910f218290bd00b73e441,20105c00fcfcfefe,/Users/boerni/Projects/acid-chess/data/training/boards/from_google/e3/e3e8086bbb6f37229d3910f218290bd00b73e441.jpeg,0,2023-02-15 12:41:01.403066
https://get.pxhere.com/photo/white-play-recreation-statue-tower-black-lady-board-game-king-sports-chess-runners-figures-games-farmers-chess-board-chess-pieces-playing-field-springer-chess-game-indoor-games-and-sports-tabletop-game-1113508.jpg,https://pxhere.com/en/photo/1113508,white-play-recreation-statue-tower-black-lady-board-game-king-sports-chess-runners-figures-games-farmers-chess-board-chess-pieces-playing-field-springer-chess-game-indoor-games-and-sports-tabletop-game-1113508.jpg,441602af30cf7501895f6a3d2591cd23f5d25e95,010010787fc7fdfe,/Users/boerni/Projects/acid-chess/data/training/boards/from_google/44/441602af30cf7501895f6a3d2591cd23f5d25e95.jpeg,0,2023-02-15 12:43:05.849189
https://www.maxpixel.net/static/photo/1x/Chess-Play-Chess-Game-Magic-Chess-Harry-Potter-3795150.jpg,https://www.maxpixel.net/Chess-Play-Chess-Game-Magic-Chess-Harry-Potter-3795150,Chess-Play-Chess-Game-Magic-Chess-Harry-Potter-3795150.jpg,1325870cce97b95049fa10f408b933068eb7ebe9,0808183d1f1f3f7f,/Users/boerni/Projects/acid-chess/data/training/boards/from_google/13/1325870cce97b95049fa10f408b933068eb7ebe9.jpeg,0,2023-02-15 12:53:12.403455
https://c1.wallpaperflare.com/preview/926/113/140/chess-play-chess-board-chess-game.jpg,https://www.wallpaperflare.com/chess-play-chess-board-chess-game-strategy-figures-chess-pieces-wallpaper-waxgp,chess-play-chess-board-chess-game.jpg,3e42f40419985aa16919c9d97931ad3597691c1b,507f3f3f3f0e0401,/Users/boerni/Projects/acid-chess/data/training/boards/from_google/3e/3e42f40419985aa16919c9d97931ad3597691c1b.jpeg,0,2023-02-15 12:53:41.228007
https://get.pxhere.com/photo/wood-white-play-recreation-tower-horse-black-lady-leisure-board-game-king-sports-chess-chessboard-runners-players-figures-games-guard-bauer-chess-board-chess-pieces-springer-matt-chess-game-indoor-games-and-sports-tabletop-game-english-draughts-checkmated-game-of-kings-en-passant-797547.jpg,https://pxhere.com/en/photo/797547,wood-white-play-recreation-tower-horse-black-lady-leisure-board-game-king-sports-chess-chessboard-runners-players-figures-games-guard-bauer-chess-board-chess-pieces-springer-matt-chess-game-indoor-games-and-sports-tabletop-game-english-draughts-checkmated-game-of-kings-en-passant-797547.jpg,abbace4719fb2cb35768661cc95ce5f02583008a,00c0dfbf372f0707,/Users/boerni/Projects/acid-chess/data/training/boards/from_google/ab/abbace4719fb2cb35768661cc95ce5f02583008a.jpeg,0,2023-02-15 13:01:52.705565
https://media.defense.gov/2010/Jun/09/2000353753/2000/2000/0/100610-F-2306H-001.JPG,https://www.offutt.af.mil/News/Features/Display/Article/312797/playing-to-win-mentality-contributes-to-air-force-honors/,100610-F-2306H-001.JPG,34ba82a98128c9d0c645d3bd6b058dd3beee9815,fffff3e180001078,/Users/boerni/Projects/acid-chess/data/training/boards/from_google/34/34ba82a98128c9d0c645d3bd6b058dd3beee9815.jpeg,0,2023-02-15 13:05:47.793916
https://live.staticflickr.com/6089/6117944115_ec61ed50e9_b.jpg,https://www.flickr.com/photos/ericsbinaryworld/6117944115,6117944115_ec61ed50e9_b.jpg,6b88f71be9fb3d0e7e476303ac4238fef46ddf96,000080ccdedff7ef,/Users/boerni/Projects/acid-chess/data/training/boards/from_google/6b/6b88f71be9fb3d0e7e476303ac4238fef46ddf96.jpeg,0,2023-02-15 13:05:59.703485
https://c0.wallpaperflare.com/preview/384/254/547/chess-game-strategy-king.jpg,https://www.wallpaperflare.com/chess-game-strategy-king-challenge-play-think-white-wallpaper-enbjd,chess-game-strategy-king.jpg,59bded19244a42bff70ac90de692ebc8e8da760b,181021030f3fffdf,/Users/boerni/Projects/acid-chess/data/training/boards/from_google/59/59bded19244a42bff70ac90de692ebc8e8da760b.jpeg,0,2023-02-15 13:06:14.529012
https://storage.needpix.com/rsynced_images/chess-3791454_1280.jpg,https://www.needpix.com/photo/download/1744214/chess-chess-board-large-chess-10x10-chess-pieces-board-game-chess-game-game-board-strategy-think,chess-3791454_1280.jpg,c319dceb22d9b39942e756f1cc8384a025a70725,ffe383010181c7fb,/Users/boerni/Projects/acid-chess/data/training/boards/from_google/c3/c319dceb22d9b39942e756f1cc8384a025a70725.jpeg,0,2023-02-15 13:10:24.891532
https://media.defense.gov/2007/Mar/13/2000507865/780/780/0/070310-F-2661B-003.JPG,https://www.schriever.spaceforce.mil/News/Article-Display/Article/278969/threes-a-charm-for-schriever-chess-champ/,070310-F-2661B-003.JPG,06f1406c55ae9b7579fbf4d5334f46b7357a9dd2,ffffcf074040103c,/Users/boerni/Projects/acid-chess/data/training/boards/from_google/06/06f1406c55ae9b7579fbf4d5334f46b7357a9dd2.jpeg,0,2023-02-15 13:22:50.892258
https://get.pxhere.com/photo/structure-white-play-flower-column-tower-lady-lighting-sculpture-king-chess-fountain-runners-figures-water-feature-farmers-wedding-cake-chess-board-chess-pieces-playing-field-springer-chess-game-baluster-white-figures-1113507.jpg,https://pxhere.com/en/photo/1113507,structure-white-play-flower-column-tower-lady-lighting-sculpture-king-chess-fountain-runners-figures-water-feature-farmers-wedding-cake-chess-board-chess-pieces-playing-field-springer-chess-game-baluster-white-figures-1113507.jpg,6fbb89a96fe09b8b3b2059e32d273fb17529a1f9,10b7b77766267620,/Users/boerni/Projects/acid-chess/data/training/boards/from_google/6f/6fbb89a96fe09b8b3b2059e32d273fb17529a1f9.jpeg,0,2023-02-15 13:27:48.982090
https://pixnio.com/free-images/objects/playing-chess-on-the-table.jpg,https://pixnio.com/objects/playing-chess-on-the-table,playing-chess-on-the-table.jpg,f1ddfe46a1c24eb1ae7f849a3487638446da8da9,fee6c0c0c0d65c7c,/Users/boerni/Projects/acid-chess/data/training/boards/from_google/f1/f1ddfe46a1c24eb1ae7f849a3487638446da8da9.jpeg,0,2023-02-15 13:36:32.158317
https://c1.wallpaperflare.com/preview/53/614/370/chess-play-king-chess-pieces.jpg,https://www.wallpaperflare.com/chess-play-pieces-king-chess-pieces-lady-strategy-chess-board-wallpaper-wdica,chess-play-king-chess-pieces.jpg,e66e0899f4094b90c98040247441c7a378aec95e,f9f9b1a020b0f0fc,/Users/boerni/Projects/acid-chess/data/training/boards/from_google/e6/e66e0899f4094b90c98040247441c7a378aec95e.jpeg,0,2023-02-15 14:14:32.684112
https://p1.pxfuel.com/preview/175/616/980/queen-chess-game-success-to-win-strategy.jpg,https://www.pxfuel.com/en/free-photo-xtbwg,queen-chess-game-success-to-win-strategy.jpg,3a23f2d23ed1528f6a1753a1082fe9c0674a18a1,0600000e3f7f7f7f,/Users/boerni/Projects/acid-chess/data/training/boards/from_google/3a/3a23f2d23ed1528f6a1753a1082fe9c0674a18a1.jpeg,0,2023-02-15 14:15:04.621285
https://get.pxhere.com/photo/play-recreation-think-board-game-sports-chess-chessboard-installation-games-chess-pieces-consider-chess-game-indoor-games-and-sports-tabletop-game-1361943.jpg,https://pxhere.com/en/photo/1361943,play-recreation-think-board-game-sports-chess-chessboard-installation-games-chess-pieces-consider-chess-game-indoor-games-and-sports-tabletop-game-1361943.jpg,92c7e123ea28e4a79adde0aa878fee8a1e8630cf,00383e3e7e7e7e02,/Users/boerni/Projects/acid-chess/data/training/boards/from_google/92/92c7e123ea28e4a79adde0aa878fee8a1e8630cf.jpeg,0,2023-02-15 14:15:35.449598
https://get.pxhere.com/photo/black-and-white-play-recreation-lady-board-game-king-sports-chess-chessboard-runners-figures-games-farmers-chess-board-chess-pieces-springer-chess-game-indoor-games-and-sports-tabletop-game-bowling-pin-1339093.jpg,https://pxhere.com/en/photo/1339093,black-and-white-play-recreation-lady-board-game-king-sports-chess-chessboard-runners-figures-games-farmers-chess-board-chess-pieces-springer-chess-game-indoor-games-and-sports-tabletop-game-bowling-pin-1339093.jpg,062a9ba2a58fe6ea8ad00bbe9934ae8ed7bc3cc5,7e7e7e7e3c081028,/Users/boerni/Projects/acid-chess/data/training/boards/from_google/06/062a9ba2a58fe6ea8ad00bbe9934ae8ed7bc3cc5.jpeg,0,2023-02-15 14:15:42.928847
https://get.pxhere.com/photo/black-and-white-play-recreation-lady-board-game-king-sports-chess-chessboard-runners-figures-games-farmers-chess-board-chess-pieces-springer-chess-game-indoor-games-and-sports-tabletop-game-971999.jpg,https://pxhere.com/en/photo/971999,black-and-white-play-recreation-lady-board-game-king-sports-chess-chessboard-runners-figures-games-farmers-chess-board-chess-pieces-springer-chess-game-indoor-games-and-sports-tabletop-game-971999.jpg,ed9d20db541425e2c439d2c711d852bbb44b28d5,ffb333830000cefe,/Users/boerni/Projects/acid-chess/data/training/boards/from_google/ed/ed9d20db541425e2c439d2c711d852bbb44b28d5.jpeg,0,2023-02-15 14:17:38.237783
https://p1.pxfuel.com/preview/975/649/103/chess-chess-board-chess-pieces-black.jpg,https://www.pxfuel.com/en/free-photo-opqri,chess-chess-board-chess-pieces-black.jpg,26f5c9843a3c25d26c8c5a4d1b1620ae90d7a9bf,0000e0fc7f0fcffc,/Users/boerni/Projects/acid-chess/data/training/boards/from_google/26/26f5c9843a3c25d26c8c5a4d1b1620ae90d7a9bf.jpeg,0,2023-02-15 14:34:04.567277
https://live.staticflickr.com/1738/27861851497_6173e10f26_b.jpg,https://www.flickr.com/photos/30478819@N08/27861851497,27861851497_6173e10f26_b.jpg,980d076028da8234ffbe105d29f6245de1bf7546,fcf1f3f3fe800800,/Users/boerni/Projects/acid-chess/data/training/boards/from_google/98/980d076028da8234ffbe105d29f6245de1bf7546.jpeg,0,2023-02-15 14:36:51.166995
https://p1.pxfuel.com/preview/717/15/721/chess-pawn-mate-queen-game-strategic.jpg,https://www.pxfuel.com/en/free-photo-xhdcm,chess-pawn-mate-queen-game-strategic.jpg,d318c1a5931e00f30122d7a22b2bf470818ff673,83f3c010dc6d971f,/Users/boerni/Projects/acid-chess/data/training/boards/from_google/d3/d318c1a5931e00f30122d7a22b2bf470818ff673.jpeg,0,2023-02-15 14:51:24.615704
https://c1.wallpaperflare.com/preview/557/125/68/chess-chess-board-black-play.jpg,https://www.wallpaperflare.com/black-chess-pieces-play-white-tower-black-and-white-strategy-wallpaper-zgsjx,chess-chess-board-black-play.jpg,4e68ed2f271da0d878ef90a5668a17c975d88187,fdfd16120321c1e7,/Users/boerni/Projects/acid-chess/data/training/boards/from_google/4e/4e68ed2f271da0d878ef90a5668a17c975d88187.jpeg,0,2023-02-15 14:51:51.973659
https://p0.pxfuel.com/preview/967/266/338/game-chess-competition-move.jpg,https://www.pxfuel.com/en/free-photo-qawct,game-chess-competition-move.jpg,1266b60f689cab1cd0d9d4d44465d10c0e094ce1,30314111119dffff,/Users/boerni/Projects/acid-chess/data/training/boards/from_google/12/1266b60f689cab1cd0d9d4d44465d10c0e094ce1.jpeg,0,2023-02-15 14:53:10.583919
https://p1.pxfuel.com/preview/98/662/391/chess-chess-game-chess-pieces-strategy.jpg,https://www.pxfuel.com/en/free-photo-epase,chess-chess-game-chess-pieces-strategy.jpg,51b46969e39f595eb3fad047b423fd7b7e6095d9,00007e7e7e7eff00,/Users/boerni/Projects/acid-chess/data/training/boards/from_google/51/51b46969e39f595eb3fad047b423fd7b7e6095d9.jpeg,0,2023-02-15 14:53:28.378967
https://get.pxhere.com/photo/play-recreation-lady-board-game-king-sports-chess-strategy-chessboard-games-strategy-game-chess-board-chess-pieces-indoor-games-and-sports-tabletop-game-988756.jpg,https://pxhere.com/en/photo/988756,play-recreation-lady-board-game-king-sports-chess-strategy-chessboard-games-strategy-game-chess-board-chess-pieces-indoor-games-and-sports-tabletop-game-988756.jpg,ac152377e73da20583b29ed07f3c922de555bd70,fffdc9cbc8e84000,/Users/boerni/Projects/acid-chess/data/training/boards/from_google/ac/ac152377e73da20583b29ed07f3c922de555bd70.jpeg,0,2023-02-15 14:53:48.171017
https://c1.wallpaperflare.com/preview/225/928/6/chess-play-tactics-board-game.jpg,https://www.wallpaperflare.com/chess-play-tactics-board-game-consider-strategy-sport-wallpaper-zypdk,chess-play-tactics-board-game.jpg,de8b2ca583bcfa336abac30de050444e2bf4aac4,0082d797a7f7f700,/Users/boerni/Projects/acid-chess/data/training/boards/from_google/de/de8b2ca583bcfa336abac30de050444e2bf4aac4.jpeg,0,2023-02-15 14:54:41.361473
https://i0.hippopx.com/photos/728/960/930/chess-play-park-preview.jpg,https://www.hippopx.com/en/chess-play-park-strategy-sport-black-color-chess-board-207332,chess-play-park-preview.jpg,881eeaafba6a3b03ca5e05b4b6d735b7c240ff79,01013cfcf8f9f68a,/Users/boerni/Projects/acid-chess/data/training/boards/from_google/88/881eeaafba6a3b03ca5e05b4b6d735b7c240ff79.jpeg,0,2023-02-15 14:55:14.499680
https://live.staticflickr.com/5263/5643230347_b52c4ed04f_b.jpg,https://www.flickr.com/photos/perspective/5643230347/,5643230347_b52c4ed04f_b.jpg,8dfd842cf3c6c594a22bcbfbc619e85bf9a9414f,6e200010fecfe5fd,/Users/boerni/Projects/acid-chess/data/training/boards/from_google/8d/8dfd842cf3c6c594a22bcbfbc619e85bf9a9414f.jpeg,0,2023-02-15 14:55:17.246604
https://live.staticflickr.com/4248/35032499241_e13999ac8a_b.jpg,https://www.flickr.com/photos/csis_er/35032499241,35032499241_e13999ac8a_b.jpg,4aea118a8615f8ca3bf3654c899d3316e1f64dae,e0e0e4368307dfd3,/Users/boerni/Projects/acid-chess/data/training/boards/from_google/4a/4aea118a8615f8ca3bf3654c899d3316e1f64dae.jpeg,0,2023-02-15 14:55:30.523959
https://media.defense.gov/2018/Aug/02/2001949834/2000/2000/0/180726-F-OD616-0001.JPG,https://www.hill.af.mil/News/Article-Display/Article/1591817/not-just-books-hill-library-hosts-many-activities-programs/,180726-F-OD616-0001.JPG,25d08a37ee07c3d15b80a9929917e64e8bacb19c,fe0e8e8cfc7e001c,/Users/boerni/Projects/acid-chess/data/training/boards/from_google/25/25d08a37ee07c3d15b80a9929917e64e8bacb19c.jpeg,0,2023-02-15 14:57:35.926290
https://media.defense.gov/2009/Jul/16/2000521839/2000/2000/0/090714-F-5350S-177.JPG,https://www.robins.af.mil/News/Article-Display/Article/378666/engineer-wins-chess-title/,090714-F-5350S-177.JPG,6e895dcaad04d8608a395c335fa0792b996fb5fd,fbf7e0e0a0c0f988,/Users/boerni/Projects/acid-chess/data/training/boards/from_google/6e/6e895dcaad04d8608a395c335fa0792b996fb5fd.jpeg,0,2023-02-15 19:04:58.793770
https://c0.wallpaperflare.com/preview/256/213/229/battle-black-and-white-blur-board-game.jpg,https://www.wallpaperflare.com/white-and-black-chess-board-battle-black-and-white-blur-board-game-wallpaper-ayxzs,battle-black-and-white-blur-board-game.jpg,6b50c5e0e2089db64ca4553b4e8ce9fc379ec38c,0e1c947cbcdd526c,/Users/boerni/Projects/acid-chess/data/training/boards/from_google/6b/6b50c5e0e2089db64ca4553b4e8ce9fc379ec38c.jpeg,0,2023-02-15 19:18:20.895090
https://c1.wallpaperflare.com/preview/304/333/71/chess-chess-game-game-board-strategy.jpg,https://www.wallpaperflare.com/chess-chess-game-game-board-strategy-shape-design-pattern-wallpaper-ansdd,chess-chess-game-game-board-strategy.jpg,6a26c3aeb4d293e9a0bba59c74986e0db7145946,efc1c14180c5c3ff,/Users/boerni/Projects/acid-chess/data/training/boards/from_google/6a/6a26c3aeb4d293e9a0bba59c74986e0db7145946.jpeg,0,2023-02-15 19:23:37.629734
https://c0.wallpaperflare.com/preview/262/574/571/chess-chessboard-close-competition-thumbnail.jpg,https://www.wallpaperflare.com/battle-board-brown-challenge-chess-chessboard-close-competition-wallpaper-azrih,chess-chessboard-close-competition-thumbnail.jpg,cc1223e0fafc5bc698545adf02282f91b5a69d1d,7fff7f2b11027000,/Users/boerni/Projects/acid-chess/data/training/boards/from_google/cc/cc1223e0fafc5bc698545adf02282f91b5a69d1d.jpeg,0,2023-02-15 19:24:03.586682
https://get.pxhere.com/photo/recreation-board-game-sports-chess-chessboard-nice-games-street-view-indoor-games-and-sports-tabletop-game-773688.jpg,https://pxhere.com/en/photo/773688,recreation-board-game-sports-chess-chessboard-nice-games-street-view-indoor-games-and-sports-tabletop-game-773688.jpg,9de361ee65ff43e883e8e1496335b795fe655d72,000000ad3ffdfcff,/Users/boerni/Projects/acid-chess/data/training/boards/from_google/9d/9de361ee65ff43e883e8e1496335b795fe655d72.jpeg,0,2023-02-15 19:25:21.095055
https://freesvg.org/img/BlueChessboard.png,https://freesvg.org/blue-chess-board,BlueChessboard.png,a5f9f4ab4fd668a0f9e03d6e44336faac97bf70d,aa55aa55aa55aa55,/Users/boerni/Projects/acid-chess/data/training/boards/from_google/a5/a5f9f4ab4fd668a0f9e03d6e44336faac97bf70d.jpeg,0,2023-02-15 19:32:14.063140
https://www.goodfreephotos.com/albums/vector-images/black-and-white-chess-board-vector-file.png,https://www.goodfreephotos.com/public-domain-images/black-and-white-chess-board-vector-file.png.php,black-and-white-chess-board-vector-file.png,607c36a27ed69d5201faaaf0668b867ccdac7de8,00187effff7e1800,/Users/boerni/Projects/acid-chess/data/training/boards/from_google/60/607c36a27ed69d5201faaaf0668b867ccdac7de8.jpeg,0,2023-02-15 19:32:17.037936
https://freesvg.org/img/1575806737chess%20board%20v2.png,https://freesvg.org/chess-board,1575806737chess%20board%20v2.png,22fb300e21fec59998ace8bdaaeac267c0443ed3,ff818191a99181ff,/Users/boerni/Projects/acid-chess/data/training/boards/from_google/22/22fb300e21fec59998ace8bdaaeac267c0443ed3.jpeg,0,2023-02-15 19:32:20.770623
https://freesvg.org/img/practica.png,https://freesvg.org/outlined-chessboard,practica.png,a421b02cd682ffc0f643fcc5e5f7e3dd1fbdfbd3,55aa55aa55aa55aa,/Users/boerni/Projects/acid-chess/data/training/boards/from_google/a4/a421b02cd682ffc0f643fcc5e5f7e3dd1fbdfbd3.jpeg,0,2023-02-15 19:32:24.061412
https://publicdomainvectors.org/photos/Chess-Board-And-Pieces.png,https://publicdomainvectors.org/en/free-clipart/Chess-board-with-pieces/37257.html,Chess-Board-And-Pieces.png,c842ed327fda887de2e0b9fc1542a3f828341060,2855aa55aa55aad7,/Users/boerni/Projects/acid-chess/data/training/boards/from_google/c8/c842ed327fda887de2e0b9fc1542a3f828341060.jpeg,0,2023-02-15 19:32:27.157614
https://www.goodfreephotos.com/albums/vector-images/red-and-white-chess-board-vector-clipart.png,https://www.goodfreephotos.com/vector-images/red-and-white-chess-board-vector-clipart.png.php,red-and-white-chess-board-vector-clipart.png,d7fe13bbe5d2b4f729cdad4120de9cc16fe8a802,007e7e766a767e00,/Users/boerni/Projects/acid-chess/data/training/boards/from_google/d7/d7fe13bbe5d2b4f729cdad4120de9cc16fe8a802.jpeg,0,2023-02-15 19:32:49.912123
https://freesvg.org/img/Chess-Board-And-Pieces.png,https://freesvg.org/chess-board-with-pieces,Chess-Board-And-Pieces.png,ad282e4d2933d333602742c6b5dc0f2c523dff85,00187e7e7e7e7e00,/Users/boerni/Projects/acid-chess/data/training/boards/from_google/ad/ad282e4d2933d333602742c6b5dc0f2c523dff85.jpeg,0,2023-02-15 19:32:55.375659
https://publicdomainvectors.org/photos/eggib-2D-Chessboard.png,https://publicdomainvectors.org/en/free-clipart/Chessboard-and-pieces/45809.html,eggib-2D-Chessboard.png,b17ef12f774df207d459deb218120f8773a1ffad,aa57aa55aa57ae40,/Users/boerni/Projects/acid-chess/data/training/boards/from_google/b1/b17ef12f774df207d459deb218120f8773a1ffad.jpeg,0,2023-02-15 19:33:47.707327
https://freesvg.org/img/1_PiEZAS-DE-ajedrez-para-colorear_EspaNol_By_DG-RA.png,https://freesvg.org/chess-board-and-pieces,1_PiEZAS-DE-ajedrez-para-colorear_EspaNol_By_DG-RA.png,f2b3616e34f7d4f035a62d1fd23883672a4bc41d,007eece4f67e1f00,/Users/boerni/Projects/acid-chess/data/training/boards/from_google/f2/f2b3616e34f7d4f035a62d1fd23883672a4bc41d.jpeg,0,2023-02-15 19:35:56.873758
https://freesvg.org/img/24_nina-jugando-ajedrez_By_DG-RA.png,https://freesvg.org/lady-playing-chess,24_nina-jugando-ajedrez_By_DG-RA.png,3359eeefc5280bbca1ccd7bf443d07d29451e23c,7e6e66764642027e,/Users/boerni/Projects/acid-chess/data/training/boards/from_google/33/3359eeefc5280bbca1ccd7bf443d07d29451e23c.jpeg,0,2023-02-15 19:36:59.195759
https://publicdomainvectors.org/photos/24_nina-jugando-ajedrez_By_DG-RA.png,https://publicdomainvectors.org/en/free-clipart/Lady-playing-chess/60705.html,24_nina-jugando-ajedrez_By_DG-RA.png,3dcad54d4c0c98066c766462b494ea4785f6325a,ffc7c7e383810107,/Users/boerni/Projects/acid-chess/data/training/boards/from_google/3d/3dcad54d4c0c98066c766462b494ea4785f6325a.jpeg,0,2023-02-15 19:40:05.893000
